{
 "labels": [
  "n=2(p2^1)",
  "n=3(p3^1)",
  "n=4(p2^2)",
  "n=5(p5^1)",
  "n=7(p7^1)",
  "n=8(p2^3)",
  "n=9(p3^2)",
  "n=11(p11^1)",
  "n=13(p13^1)",
  "n=16(p2^4)",
  "n=17(p17^1)",
  "n=19(p19^1)"
 ],
 "single_eigs": [
  -1.518739813121674,
  -1.962878335292147,
  -1.0739311547362964,
  -2.1371646693246356,
  -2.147077480426957,
  -0.7041413880066316,
  -1.058921770405254,
  -2.063843856147248,
  -1.986497674385462,
  -0.4718755923656326,
  -1.8489497959049535,
  -1.7689241720913602
 ],
 "gram": [
  [
   1.0,
   0.8991515843804829,
   -0.9174937288588492,
   -0.8997241820885782,
   -0.8950888501228722,
   -0.8970993149244118,
   -0.8951087628646587,
   -0.8892456351871171,
   0.8880338696411518,
   -0.8899090721272145,
   -0.8905039929472581,
   -0.8917120710146382
  ],
  [
   0.8991515843804829,
   1.0,
   -0.9127395669134686,
   -0.8897366537519318,
   -0.9020240999653246,
   -0.9160928323442423,
   -0.9216260480009113,
   -0.9081883248786379,
   0.8945995705538674,
   -0.8917198912480694,
   -0.89266469443566,
   -0.8953293262525764
  ],
  [
   -0.9174937288588492,
   -0.9127395669134686,
   1.0,
   0.9442473583783603,
   0.8946679060408222,
   0.8923864484675348,
   0.8915899629431558,
   0.8987824699269196,
   -0.9130851705329166,
   0.9227468029482907,
   0.922175053239326,
   0.9188845592412803
  ],
  [
   -0.8997241820885782,
   -0.8897366537519318,
   0.9442473583783603,
   1.0,
   0.9141849706294178,
   0.8980366736556812,
   0.8965147050813023,
   0.8948285367310502,
   -0.8944920670460511,
   0.9036036890859342,
   0.9070853431778291,
   0.9129668129886257
  ],
  [
   -0.8950888501228722,
   -0.9020240999653246,
   0.8946679060408222,
   0.9141849706294178,
   1.0,
   0.9789982425633887,
   0.942207812576722,
   0.906912793101125,
   -0.9029532655660886,
   0.9016962516305207,
   0.9018415297967417,
   0.903650113888376
  ],
  [
   -0.8970993149244118,
   -0.9160928323442423,
   0.8923864484675348,
   0.8980366736556812,
   0.9789982425633887,
   1.0,
   0.9836279031916197,
   0.9277922173277657,
   -0.9045688206178081,
   0.902793052422718,
   0.9032174779947963,
   0.9042488901766693
  ],
  [
   -0.8951087628646587,
   -0.9216260480009113,
   0.8915899629431558,
   0.8965147050813023,
   0.942207812576722,
   0.9836279031916197,
   1.0,
   0.9616786836902871,
   -0.9196450987604646,
   0.9047820208968202,
   0.9046155815069435,
   0.905742785915428
  ],
  [
   -0.8892456351871171,
   -0.9081883248786379,
   0.8987824699269196,
   0.8948285367310502,
   0.906912793101125,
   0.9277922173277657,
   0.9616786836902871,
   1.0,
   -0.9750841907343224,
   0.9250473727928598,
   0.9167231630696798,
   0.9099175365110537
  ],
  [
   0.8880338696411518,
   0.8945995705538674,
   -0.9130851705329166,
   -0.8944920670460511,
   -0.9029532655660886,
   -0.9045688206178081,
   -0.9196450987604646,
   -0.9750841907343224,
   1.0,
   -0.9685458832774108,
   -0.9545240250226246,
   -0.9331421190754875
  ],
  [
   -0.8899090721272145,
   -0.8917198912480694,
   0.9227468029482907,
   0.9036036890859342,
   0.9016962516305207,
   0.902793052422718,
   0.9047820208968202,
   0.9250473727928598,
   -0.9685458832774108,
   1.0,
   0.9973465578766073,
   0.9824082620081005
  ],
  [
   -0.8905039929472581,
   -0.89266469443566,
   0.922175053239326,
   0.9070853431778291,
   0.9018415297967417,
   0.9032174779947963,
   0.9046155815069435,
   0.9167231630696798,
   -0.9545240250226246,
   0.9973465578766073,
   1.0,
   0.9927473798419589
  ],
  [
   -0.8917120710146382,
   -0.8953293262525764,
   0.9188845592412803,
   0.9129668129886257,
   0.903650113888376,
   0.9042488901766693,
   0.905742785915428,
   0.9099175365110537,
   -0.9331421190754875,
   0.9824082620081005,
   0.9927473798419589,
   1.0
  ]
 ],
 "gram_eigs": [
  5.726031706860267e-07,
  0.0002244145045977923,
  0.002323719185339602,
  0.015992113864734325,
  0.04717873102036373,
  0.052806472738634036,
  0.09710847771798452,
  0.10647821774423007,
  0.13417370513361943,
  0.20003263496294924,
  0.2735906220002069,
  11.070090318524166
 ]
}