{
 "N": [
  1,
  2,
  3,
  4,
  5,
  6,
  7,
  8,
  9,
  10
 ],
 "dN2": [
  0.3134871867316447,
  0.17202082580742367,
  0.07535648814938321,
  0.05618041757531299,
  0.033651968345771874,
  0.03347914687637034,
  0.023370892209220312,
  0.023279544302289835,
  0.023170140863232304,
  0.022941113794977697
 ],
 "gram": [
  [
   0.26106258026876394,
   0.2722826844929055,
   0.2418359584532778,
   0.21435342187008152,
   0.19251305600142524,
   0.17485150121001297,
   0.1604120645472553,
   0.14841119004084669,
   0.13826912770623537,
   0.12953553877518414
  ],
  [
   0.2722826844929055,
   0.38026296777787766,
   0.27464366732760964,
   0.26099191453180487,
   0.21646710643416944,
   0.20415307500678737,
   0.17887848839532045,
   0.1696835504804842,
   0.15321528440260024,
   0.14621477429665758
  ],
  [
   0.2418359584532778,
   0.27464366732760964,
   0.3093222981286697,
   0.23200442435768556,
   0.20689048695902434,
   0.20191075255244173,
   0.17310287113910156,
   0.15959053527606415,
   0.15465163503236595,
   0.13921455302440439
  ],
  [
   0.21435342187008152,
   0.26099191453180487,
   0.23200442435768556,
   0.2525122767675,
   0.19739020458651355,
   0.17893766830397792,
   0.1637211065107189,
   0.16175130803114426,
   0.14236538462202558,
   0.13321529101316892
  ],
  [
   0.19251305600142524,
   0.21646710643416944,
   0.20689048695902434,
   0.19739020458651355,
   0.21210930124907232,
   0.17086737088722787,
   0.1539934891419275,
   0.142842568875647,
   0.13507891133658861,
   0.13442216823756148
  ],
  [
   0.17485150121001297,
   0.20415307500678737,
   0.20191075255244173,
   0.17893766830397792,
   0.17086737088722787,
   0.18236088063485287,
   0.15036027405364685,
   0.136884891152923,
   0.1285384984651096,
   0.12009639100858018
  ],
  [
   0.1604120645472553,
   0.17887848839532045,
   0.17310287113910156,
   0.1637211065107189,
   0.1539934891419275,
   0.15036027405364685,
   0.15963163311005593,
   0.1341867248583978,
   0.12238565227793573,
   0.11443587032591752
  ],
  [
   0.14841119004084669,
   0.1696835504804842,
   0.15959053527606415,
   0.16175130803114426,
   0.142842568875647,
   0.136884891152923,
   0.1341867248583978,
   0.14195707474945707,
   0.121116103268951,
   0.11117830964486856
  ],
  [
   0.13826912770623537,
   0.15321528440260024,
   0.15465163503236595,
   0.14236538462202558,
   0.13507891133658861,
   0.1285384984651096,
   0.12238565227793573,
   0.121116103268951,
   0.12770989203161598,
   0.11029750594526612
  ],
  [
   0.12953553877518414,
   0.14621477429665758,
   0.13921455302440439,
   0.13321529101316892,
   0.13442216823756148,
   0.12009639100858018,
   0.11443587032591752,
   0.11117830964486856,
   0.11029750594526612,
   0.11605109247839251
  ]
 ],
 "gram_eigs": [
  0.009166181364764816,
  0.01137516639983712,
  0.015839081218685977,
  0.027677092456883295,
  0.033600918122390376,
  0.037667662172706534,
  0.04029228033135005,
  0.06387451911843861,
  0.1239483094043857,
  1.7795387866068149
 ],
 "moment": [
  0.42334714646422855,
  0.5582471635120869,
  0.5073198117107794,
  0.4524103768960298,
  0.4065570117796658,
  0.3691844359487139,
  0.33846532793136314,
  0.3128485860180081,
  0.29117463597782756,
  0.2725932239458274
 ]
}