{
  "zeros_count": 50,
  "zeros_prec_digits": 40,
  "zeros": [
    "14.13472514173469379045725198356247",
    "21.022039638771554992628479593896903",
    "25.010857580145688763213790992562822",
    "30.424876125859513210311897530584091",
    "32.935061587739189690662368964074903",
    "37.586178158825671257217763480705333",
    "40.918719012147495187398126914633254",
    "43.327073280914999519496122165406806",
    "48.005150881167159727942472749427516",
    "49.773832477672302181916784678563724",
    "52.97032147771446064414729660888099",
    "56.446247697063394804367759476706128",
    "59.347044002602353079653648674992219",
    "60.831778524609809844259901824524004",
    "65.112544048081606660875054253183705",
    "67.079810529494173714478828896522217",
    "69.546401711173979252926857526554738",
    "72.067157674481907582522107969826168",
    "75.704690699083933168326916762030346",
    "77.144840068874805372682664856304637",
    "79.337375020249367922763592877116228",
    "82.910380854086030183164837494770609",
    "84.735492980517050105735311206827741",
    "87.425274613125229406531667850919213",
    "88.809111207634465423682348079509378",
    "92.491899270558484296259725241810685",
    "94.651344040519886966597925815208154",
    "95.870634228245309758741029219246782",
    "98.831194218193692233324420138622328",
    "101.31785100573139122878544794029231",
    "103.72553804047833941639840810869528",
    "105.44662305232609449367083241411181",
    "107.16861118427640751512335196308619",
    "111.02953554316967452465645030994435",
    "111.87465917699263708561207871677059",
    "114.32022091545271276589093727619108",
    "116.22668032085755438216080431206476",
    "118.79078286597621732297913970269982",
    "121.37012500242064591894553297049992",
    "122.94682929355258820081746033077002",
    "124.25681855434576718473200796612992",
    "127.51668387959649512427932376690608",
    "129.57870419995605098576803390617997",
    "131.08768853093265672356637246150135",
    "133.49773720299758645013049204264061",
    "134.75650975337387133132606415716974",
    "138.11604205453344320019155519028245",
    "139.73620895212138895045004652338246",
    "141.12370740402112376194035381847536",
    "143.11184580762063273940512386891393"
  ],
  "slabs": [
    {
      "slab": "10_12",
      "Tmin": 10.0,
      "Tmax": 12.0,
      "C": 0.0,
      "D": 0.21,
      "x_max": 5.0,
      "y_max": 5.0,
      "K": 0.01698929355765493,
      "K_30digits": "0.0169892935576549313072797062456",
      "min_ratio": 1.2556341394689166,
      "worst": [
        10.0,
        1.65,
        0.07396312898541653,
        0.058905
      ],
      "feasible": true
    },
    {
      "slab": "12_13",
      "Tmin": 12.0,
      "Tmax": 13.0,
      "C": 0.0,
      "D": 0.31,
      "x_max": 5.5,
      "y_max": 5.5,
      "K": 0.016720001159524326,
      "K_30digits": "0.0167200011595243264384413589145",
      "min_ratio": 1.257641815696336,
      "worst": [
        12.0,
        4.9375,
        0.2272543477121769,
        0.18069878472222223
      ],
      "feasible": true
    },
    {
      "slab": "13_14",
      "Tmin": 13.0,
      "Tmax": 14.0,
      "C": 0.0,
      "D": 0.44,
      "x_max": 6.0,
      "y_max": 6.0,
      "K": 0.016442829336972806,
      "K_30digits": "0.0164428293369728078811954900973",
      "min_ratio": 1.037970137101589,
      "worst": [
        13.0,
        4.05625,
        0.18634788424417184,
        0.1795310650887574
      ],
      "feasible": true
    },
    {
      "slab": "14_19",
      "Tmin": 14.0,
      "Tmax": 19.0,
      "C": 0.0,
      "D": 0.5,
      "x_max": 8.5,
      "y_max": 8.5,
      "K": 0.015017349851833697,
      "K_30digits": "0.0150173498518336960698602452742",
      "min_ratio": 1.000593343383712,
      "worst": [
        14.0,
        0.825,
        0.035799289900399385,
        0.035778061224489795
      ],
      "feasible": true
    },
    {
      "slab": "19_32",
      "Tmin": 19.0,
      "Tmax": 32.0,
      "C": 0.0,
      "D": 1.0,
      "x_max": 15.0,
      "y_max": 15.0,
      "K": 0.011759719557735318,
      "K_30digits": "0.0117597195577353189335047914706",
      "min_ratio": 0.7881323469797038,
      "worst": [
        19.0,
        5.84375,
        0.2168864898760802,
        0.27519044321329644
      ],
      "feasible": false
    },
    {
      "slab": "32_36",
      "Tmin": 32.0,
      "Tmax": 36.0,
      "C": 0.5,
      "D": 0.5,
      "x_max": 17.0,
      "y_max": 17.0,
      "K": 0.010950340001353061,
      "K_30digits": "0.0109503400013530618185732433318",
      "min_ratio": 0.8601576382194699,
      "worst": [
        32.0,
        1.6875,
        0.05699575396258819,
        0.0662619866755699
      ],
      "feasible": false
    },
    {
      "slab": "36_48",
      "Tmin": 36.0,
      "Tmax": 48.0,
      "C": 0.5,
      "D": 1.0,
      "x_max": 23.0,
      "y_max": 23.0,
      "K": 0.008973606654595807,
      "K_30digits": "0.00897360665459580701891433036909",
      "min_ratio": 0.7630044277976954,
      "worst": [
        36.0,
        15.9375,
        0.4664286726514527,
        0.6113053288533767
      ],
      "feasible": false
    },
    {
      "slab": "48_80",
      "Tmin": 48.0,
      "Tmax": 80.0,
      "C": 0.5,
      "D": 2.45,
      "x_max": 39.0,
      "y_max": 39.0,
      "K": 0.00575143621917429,
      "K_30digits": "0.00575143621917429003102243224017",
      "min_ratio": 0.6416884139870939,
      "worst": [
        48.0,
        4.8875,
        0.10454882748878656,
        0.16292771571046213
      ],
      "feasible": false
    },
    {
      "slab": "80_140",
      "Tmin": 80.0,
      "Tmax": 140.0,
      "C": 0.5,
      "D": 2.45,
      "x_max": 69.0,
      "y_max": 69.0,
      "K": 0.0030290589111169807,
      "K_30digits": "0.00302905891111698076345822614783",
      "min_ratio": 1.0632755406875372,
      "worst": [
        80.0,
        28.7625,
        0.38776281681125285,
        0.3646870467466194
      ],
      "feasible": true
    }
  ]
}