{
  "schema_version": 1,
  "track": "A (piecewise per-slab (C,D))",
  "zeros": {
    "count": 10,
    "prec_digits": 30,
    "values": [
      "14.1347251417346937904572519836",
      "21.0220396387715549926284795939",
      "25.0108575801456887632137909926",
      "30.4248761258595132103118975306",
      "32.9350615877391896906623689641",
      "37.5861781588256712572177634807",
      "40.9187190121474951873981269146",
      "43.3270732809149995194961221654",
      "48.0051508811671597279424727494",
      "49.7738324776723021819167846786",
      "52.9703214777144606441472966089",
      "56.4462476970633948043677594767",
      "59.347044002602353079653648675",
      "60.8317785246098098442599018245",
      "65.1125440480816066608750542532",
      "67.0798105294941737144788288965",
      "69.5464017111739792529268575266",
      "72.0671576744819075825221079698",
      "75.704690699083933168326916762",
      "77.1448400688748053726826648563",
      "79.3373750202493679227635928771",
      "82.9103808540860301831648374948",
      "84.7354929805170501057353112068",
      "87.4252746131252294065316678509",
      "88.8091112076344654236823480795",
      "92.4918992705584842962597252418",
      "94.6513440405198869665979258152",
      "95.8706342282453097587410292192",
      "98.8311942181936922333244201386",
      "101.31785100573139122878544794",
      "103.725538040478339416398408109",
      "105.446623052326094493670832414",
      "107.168611184276407515123351963",
      "111.02953554316967452465645031",
      "111.874659176992637085612078717",
      "114.320220915452712765890937276",
      "116.226680320857554382160804312",
      "118.790782865976217322979139703",
      "121.37012500242064591894553297",
      "122.946829293552588200817460331",
      "124.256818554345767184732007966",
      "127.516683879596495124279323767",
      "129.578704199956050985768033906",
      "131.087688530932656723566372462",
      "133.497737202997586450130492043",
      "134.756509753373871331326064157",
      "138.11604205453344320019155519",
      "139.736208952121388950450046523",
      "141.123707404021123761940353818",
      "143.111845807620632739405123869"
    ]
  },
  "slabs": [
    {
      "slab": "[10, 12]",
      "Tmin": 10.0,
      "Tmax": 12.0,
      "C": 0.0,
      "D": 0.21,
      "min_ratio": 1.3651387207215568,
      "min_slack": 0.0521418093190383,
      "worst_point": [
        10.0,
        0.0,
        4.0,
        0.1949418093190383,
        0.1428
      ],
      "n_samples": 36888,
      "feasible": true
    },
    {
      "slab": "[12, 13]",
      "Tmin": 12.0,
      "Tmax": 13.0,
      "C": 0.0,
      "D": 0.31,
      "min_ratio": 1.3671163845165133,
      "min_slack": 0.0671771995278481,
      "worst_point": [
        12.0,
        0.0,
        5.0,
        0.25016331063895925,
        0.18298611111111113
      ],
      "n_samples": 36878,
      "feasible": true
    },
    {
      "slab": "[13, 14]",
      "Tmin": 13.0,
      "Tmax": 14.0,
      "C": 0.0,
      "D": 0.44,
      "min_ratio": 1.1339460368671845,
      "min_slack": 0.032606745306011674,
      "worst_point": [
        13.0,
        0.0,
        5.5,
        0.27603869796873354,
        0.24343195266272188
      ],
      "n_samples": 36876,
      "feasible": true
    },
    {
      "slab": "[14, 19]",
      "Tmin": 14.0,
      "Tmax": 19.0,
      "C": 0.0,
      "D": 0.5,
      "min_ratio": 1.1561863415048776,
      "min_slack": 0.04064032355484062,
      "worst_point": [
        14.0,
        0.0,
        6.0,
        0.30084440518749367,
        0.2602040816326531
      ],
      "n_samples": 36900,
      "feasible": true
    },
    {
      "slab": "[19, 32]",
      "Tmin": 19.0,
      "Tmax": 32.0,
      "C": 0.0,
      "D": 1.0,
      "min_ratio": 1.0261079691374662,
      "min_slack": 0.010450419779401265,
      "worst_point": [
        19.0,
        0.0,
        8.5,
        0.41072742808965057,
        0.4002770083102493
      ],
      "n_samples": 36875,
      "feasible": true
    },
    {
      "slab": "[32, 36]",
      "Tmin": 32.0,
      "Tmax": 36.0,
      "C": 0.5,
      "D": 0.5,
      "min_ratio": 1.0440266482330267,
      "min_slack": 0.02593149492077174,
      "worst_point": [
        32.0,
        0.0,
        15.0,
        0.6149269320369486,
        0.5889954371161769
      ],
      "n_samples": 36887,
      "feasible": true
    },
    {
      "slab": "[36, 48]",
      "Tmin": 36.0,
      "Tmax": 48.0,
      "C": 0.5,
      "D": 1.0,
      "min_ratio": 1.0138760783217942,
      "min_slack": 0.009048021996479574,
      "worst_point": [
        36.0,
        0.0,
        17.0,
        0.6611070394400813,
        0.6520590174436017
      ],
      "n_samples": 36886,
      "feasible": true
    },
    {
      "slab": "[48, 80]",
      "Tmin": 48.0,
      "Tmax": 80.0,
      "C": 0.5,
      "D": 2.45,
      "min_ratio": 1.0032211424520072,
      "min_slack": 0.002469710031451922,
      "worst_point": [
        48.0,
        0.0,
        23.0,
        0.7691883721983324,
        0.7667186621668804
      ],
      "n_samples": 36872,
      "feasible": true
    },
    {
      "slab": "[80, 140]",
      "Tmin": 80.0,
      "Tmax": 140.0,
      "C": 0.5,
      "D": 2.45,
      "min_ratio": 1.877617699262294,
      "min_slack": 0.43397397548003896,
      "worst_point": [
        80.0,
        0.0,
        39.0,
        0.9284648863229127,
        0.4944909108428737
      ],
      "n_samples": 36900,
      "feasible": true
    }
  ],
  "coverage": {
    "lower": 14.0,
    "upper": 140.0,
    "all_feasible": true,
    "irreducible_remainder": "[2\u03c0, 14] via FirstZeroBandCertificate"
  }
}